PRAGMA foreign_keys=OFF;
BEGIN TRANSACTION;
CREATE TABLE IF NOT EXISTS "migrations" ("id" integer primary key autoincrement not null, "migration" varchar not null, "batch" integer not null);
INSERT INTO migrations VALUES(1,'0001_01_01_000000_create_users_table',1);
INSERT INTO migrations VALUES(2,'0001_01_01_000001_create_cache_table',1);
INSERT INTO migrations VALUES(3,'0001_01_01_000002_create_jobs_table',1);
INSERT INTO migrations VALUES(4,'2025_11_06_115711_create_configuracion_table',2);
INSERT INTO migrations VALUES(5,'2025_11_06_115718_create_idiomas_table',2);
INSERT INTO migrations VALUES(6,'2025_11_06_115724_create_tipo_contenidos_table',2);
INSERT INTO migrations VALUES(7,'2025_11_06_115729_create_galerias_table',2);
INSERT INTO migrations VALUES(8,'2025_11_06_115734_create_contents_table',2);
INSERT INTO migrations VALUES(9,'2025_11_06_115738_create_menus_table',2);
INSERT INTO migrations VALUES(10,'2025_11_06_115742_create_textos_idiomas_table',2);
INSERT INTO migrations VALUES(11,'2025_11_06_142031_create_image_configs_table',3);
INSERT INTO migrations VALUES(12,'2025_11_06_144221_add_image_descriptions_to_contents_table',4);
INSERT INTO migrations VALUES(13,'2025_11_06_155017_add_imagen_alt_fields_to_textos_idiomas_table',5);
INSERT INTO migrations VALUES(14,'2025_11_07_083029_add_responsive_fields_to_image_configs_table',6);
INSERT INTO migrations VALUES(15,'2025_11_07_092153_create_galleries_table',7);
INSERT INTO migrations VALUES(16,'2025_11_07_092200_create_gallery_images_table',7);
INSERT INTO migrations VALUES(17,'2025_11_07_094105_modify_galleries_table_simplify',8);
INSERT INTO migrations VALUES(18,'2025_11_07_094118_modify_galleries_table_simplify',9);
INSERT INTO migrations VALUES(19,'2025_11_07_112224_fix_contents_gallery_foreign_key',10);
INSERT INTO migrations VALUES(20,'2025_11_10_085716_update_idiomas_table_structure',11);
INSERT INTO migrations VALUES(22,'2025_11_10_095237_create_gallery_image_texts_table',12);
INSERT INTO migrations VALUES(23,'2025_11_10_113508_update_menus_table_for_multilingual_support',13);
INSERT INTO migrations VALUES(24,'2025_11_10_121135_update_menus_table_for_multilingual_support',13);
INSERT INTO migrations VALUES(25,'2025_11_10_114507_add_menu_support_to_textos_idiomas_table',14);
INSERT INTO migrations VALUES(26,'2025_11_10_155631_add_url_externa_to_menus_table',15);
INSERT INTO migrations VALUES(27,'2025_11_11_111036_create_slides_table',16);
INSERT INTO migrations VALUES(28,'2025_11_11_111141_add_fields_to_slides_table',17);
INSERT INTO migrations VALUES(29,'2025_11_11_114055_modify_slides_table_for_translations',18);
INSERT INTO migrations VALUES(30,'2025_11_11_123800_modify_slides_table_for_translations',18);
INSERT INTO migrations VALUES(31,'2025_11_11_120020_make_imagen_nullable_in_slides_table',19);
INSERT INTO migrations VALUES(32,'2025_11_11_143502_create_roles_table',20);
INSERT INTO migrations VALUES(33,'2025_11_11_143509_create_permissions_table',20);
INSERT INTO migrations VALUES(34,'2025_11_11_143515_create_role_permissions_table',20);
INSERT INTO migrations VALUES(35,'2025_11_11_143603_add_role_id_to_users_table',20);
INSERT INTO migrations VALUES(36,'2025_11_12_110500_update_resumen_column_type_in_textos_idiomas_table',21);
INSERT INTO migrations VALUES(37,'2025_11_12_114600_add_descripcion_to_tipo_contenidos_table',22);
INSERT INTO migrations VALUES(38,'2025_11_14_000000_create_configuracion_empresa_table',23);
INSERT INTO migrations VALUES(39,'2025_11_17_000001_add_metas_to_configuracion_empresa_table',24);
INSERT INTO migrations VALUES(40,'2025_11_17_000002_add_metas_multilang_to_configuracion_empresa_table',25);
INSERT INTO migrations VALUES(41,'2025_11_17_130000_make_tipo_contenido_id_nullable_in_textos_idiomas',26);
INSERT INTO migrations VALUES(43,'2025_11_17_130100_alter_tipo_contenido_id_nullable_textos_idiomas',28);
INSERT INTO migrations VALUES(44,'2025_11_18_100000_force_tipo_contenido_id_nullable_sqlite',28);
INSERT INTO migrations VALUES(45,'2025_11_17_120000_migrate_empresa_metas_to_textos_idiomas',29);
CREATE TABLE IF NOT EXISTS "password_reset_tokens" ("email" varchar not null, "token" varchar not null, "created_at" datetime, primary key ("email"));
CREATE TABLE IF NOT EXISTS "sessions" ("id" varchar not null, "user_id" integer, "ip_address" varchar, "user_agent" text, "payload" text not null, "last_activity" integer not null, primary key ("id"));
INSERT INTO sessions VALUES('LZo7FVF3kiDgiieUxnjdoyeN82C1LnXnIvAhNpqN',NULL,'127.0.0.1','Mozilla/5.0 (Windows NT 10.0; Win64; x64) AppleWebKit/537.36 (KHTML, like Gecko) Chrome/135.0.0.0 Safari/537.36','YTo3OntzOjY6Il90b2tlbiI7czo0MDoiV055RHo3Nkd4ZzVJYTdxVWJlNGpoaDFRWVJiYUVLYkh6YndBOHBiTyI7czo5OiJfcHJldmlvdXMiO2E6Mjp7czozOiJ1cmwiO3M6MjQ6Imh0dHA6Ly8xMjcuMC4wLjE6ODAwMS9lcyI7czo1OiJyb3V0ZSI7czo2OiJpbmljaW8iO31zOjY6Il9mbGFzaCI7YToyOntzOjM6Im9sZCI7YTowOnt9czozOiJuZXciO2E6MDp7fX1zOjM6InVybCI7YToxOntzOjg6ImludGVuZGVkIjtzOjI3OiJodHRwOi8vMTI3LjAuMC4xOjgwMDEvYWRtaW4iO31zOjY6ImlkaW9tYSI7czoyOiJlcyI7czoxMzoiaWRpb21hX2FjdHVhbCI7czoyOiJlcyI7czo5OiJpZGlvbWFfaWQiO2k6Mzt9',1763477790);
INSERT INTO sessions VALUES('9a12QqM4SpBoxUETZaWQ56OmVmEIRQWaaWuHtFc5',2,'127.0.0.1','Mozilla/5.0 (Windows NT 10.0; Win64; x64) AppleWebKit/537.36 (KHTML, like Gecko) Chrome/135.0.0.0 Safari/537.36','YTo3OntzOjY6Il90b2tlbiI7czo0MDoiRHpQbnpKUDFOUWxsUzdCRW9Cdk94WkxLWUFoSHQ2alZ0S051azdLdiI7czo5OiJfcHJldmlvdXMiO2E6Mjp7czozOiJ1cmwiO3M6MjQ6Imh0dHA6Ly9sb2NhbGhvc3Q6ODAwMC9lcyI7czo1OiJyb3V0ZSI7czo2OiJpbmljaW8iO31zOjY6Il9mbGFzaCI7YToyOntzOjM6Im9sZCI7YTowOnt9czozOiJuZXciO2E6MDp7fX1zOjUwOiJsb2dpbl93ZWJfNTliYTM2YWRkYzJiMmY5NDAxNTgwZjAxNGM3ZjU4ZWE0ZTMwOTg5ZCI7aToyO3M6NjoiaWRpb21hIjtzOjI6ImVzIjtzOjEzOiJpZGlvbWFfYWN0dWFsIjtzOjI6ImVzIjtzOjk6ImlkaW9tYV9pZCI7aTozO30=',1763481316);
CREATE TABLE IF NOT EXISTS "cache" ("key" varchar not null, "value" text not null, "expiration" integer not null, primary key ("key"));
CREATE TABLE IF NOT EXISTS "cache_locks" ("key" varchar not null, "owner" varchar not null, "expiration" integer not null, primary key ("key"));
CREATE TABLE IF NOT EXISTS "jobs" ("id" integer primary key autoincrement not null, "queue" varchar not null, "payload" text not null, "attempts" integer not null, "reserved_at" integer, "available_at" integer not null, "created_at" integer not null);
CREATE TABLE IF NOT EXISTS "job_batches" ("id" varchar not null, "name" varchar not null, "total_jobs" integer not null, "pending_jobs" integer not null, "failed_jobs" integer not null, "failed_job_ids" text not null, "options" text, "cancelled_at" integer, "created_at" integer not null, "finished_at" integer, primary key ("id"));
CREATE TABLE IF NOT EXISTS "failed_jobs" ("id" integer primary key autoincrement not null, "uuid" varchar not null, "connection" text not null, "queue" text not null, "payload" text not null, "exception" text not null, "failed_at" datetime not null default CURRENT_TIMESTAMP);
CREATE TABLE IF NOT EXISTS "configuracion" ("id" integer primary key autoincrement not null, "nombre_empresa" varchar, "direccion_empresa" varchar, "telefono_empresa" varchar, "movil_empresa" varchar, "email" varchar, "nif_cif" varchar, "metatitulo" varchar, "metadescripcion" varchar, "g_analytics" varchar, "url" varchar, "youtube" varchar, "google_plus" varchar, "instagram" varchar, "twitter" varchar, "facebook" varchar, "created_at" datetime, "updated_at" datetime);
INSERT INTO configuracion VALUES(1,'Nuntris Teatro','','','','info@nuntristeatro.com','','Nuntris Teatro - Compañía de Teatro','Compañía de teatro asturiana especializada en obras clásicas y contemporáneas','','https://nuntristeatro.com','','','','','','2025-11-06 12:07:39','2025-11-06 12:07:39');
CREATE TABLE IF NOT EXISTS "tipo_contenidos" ("id" integer primary key autoincrement not null, "tipo_contenido" varchar, "icono" varchar, "created_at" datetime, "updated_at" datetime, "descripcion" varchar);
INSERT INTO tipo_contenidos VALUES(1,'pagina',NULL,'2025-11-06 12:07:39','2025-11-12 08:56:05',NULL);
INSERT INTO tipo_contenidos VALUES(3,'Noticia',NULL,'2025-11-06 12:07:39','2025-11-12 09:40:47','sds');
INSERT INTO tipo_contenidos VALUES(9,'Entrevista','fas fa-microphone','2025-11-10 15:01:08','2025-11-12 09:25:41',NULL);
CREATE TABLE IF NOT EXISTS "galerias" ("id" integer primary key autoincrement not null, "carpeta" varchar, "orden" integer, "created_at" datetime, "updated_at" datetime);
INSERT INTO galerias VALUES(1,'inicio',1,'2025-11-06 12:12:43','2025-11-06 12:12:43');
CREATE TABLE IF NOT EXISTS "image_configs" ("id" integer primary key autoincrement not null, "tipo_contenido" varchar not null, "tipo_imagen" varchar not null, "ancho" integer not null, "alto" integer not null, "mantener_aspecto" tinyint(1) not null default '1', "formato" varchar not null default 'jpg', "calidad" integer not null default '85', "redimensionar" tinyint(1) not null default '1', "activo" tinyint(1) not null default '1', "created_at" datetime, "updated_at" datetime, "ancho_movil" integer, "alto_movil" integer, "mantener_aspecto_movil" tinyint(1) not null default '1', "calidad_movil" integer not null default '85', "generar_version_movil" tinyint(1) not null default '1', "descripcion" varchar);
INSERT INTO image_configs VALUES(1,'noticia','imagen',800,600,1,'jpg',85,1,1,'2025-11-11 11:18:08','2025-11-11 11:18:08',400,300,1,80,1,'Imagen principal de noticias - Desktop: 800x600, Móvil: 400x300');
INSERT INTO image_configs VALUES(2,'noticia','imagen_portada',400,300,1,'jpg',85,1,1,'2025-11-11 11:18:08','2025-11-11 11:18:08',200,150,1,80,1,'Imagen de portada para listados - Desktop: 400x300, Móvil: 200x150');
INSERT INTO image_configs VALUES(3,'pagina','imagen',1200,800,1,'jpg',90,1,1,'2025-11-11 11:18:08','2025-11-11 11:18:08',600,400,1,85,1,'Imagen principal de páginas - Desktop: 1200x800, Móvil: 600x400');
INSERT INTO image_configs VALUES(4,'pagina','imagen_portada',600,400,1,'jpg',90,1,1,'2025-11-11 11:18:08','2025-11-11 11:18:08',300,200,1,85,1,'Imagen de portada de páginas - Desktop: 600x400, Móvil: 300x200');
INSERT INTO image_configs VALUES(5,'entrevista','imagen',800,600,1,'jpg',85,1,1,'2025-11-11 11:18:08','2025-11-11 11:18:08',400,300,1,80,1,'Imagen principal de entrevistas - Desktop: 800x600, Móvil: 400x300');
INSERT INTO image_configs VALUES(6,'entrevista','imagen_portada',400,300,1,'jpg',85,1,1,'2025-11-11 11:18:08','2025-11-11 11:18:08',200,150,1,80,1,'Imagen de portada de entrevistas - Desktop: 400x300, Móvil: 200x150');
INSERT INTO image_configs VALUES(7,'galeria','imagen',1000,750,1,'jpg',90,1,1,'2025-11-11 11:18:08','2025-11-11 11:18:08',500,375,1,85,1,'Imágenes de galería - Desktop: 1000x750, Móvil: 500x375');
INSERT INTO image_configs VALUES(8,'galeria','thumbnail',200,150,1,'jpg',80,1,1,'2025-11-11 11:18:08','2025-11-11 11:18:08',150,112,1,75,1,'Miniaturas de galería - Desktop: 200x150, Móvil: 150x112');
INSERT INTO image_configs VALUES(9,'slide','imagen',1920,1080,1,'jpg',90,1,1,'2025-11-11 11:18:08','2025-11-11 11:18:08',800,450,1,85,1,'Imagen principal de slides - Desktop: 1920x1080 (Full HD), Móvil: 800x450');
INSERT INTO image_configs VALUES(10,'slide','imagen_miniatura',300,200,1,'jpg',80,1,1,'2025-11-11 11:18:09','2025-11-11 11:18:09',150,100,1,75,1,'Miniatura de slides - Desktop: 300x200, Móvil: 150x100');
CREATE TABLE IF NOT EXISTS "gallery_images" ("id" integer primary key autoincrement not null, "gallery_id" integer not null, "titulo" varchar, "descripcion" text, "imagen" varchar not null, "imagen_miniatura" varchar, "alt_text" varchar, "orden" integer not null default '0', "activa" tinyint(1) not null default '1', "metadatos" text, "created_at" datetime, "updated_at" datetime, foreign key("gallery_id") references "galleries"("id") on delete cascade);
INSERT INTO gallery_images VALUES(12,6,NULL,NULL,'images/galeria/imagen/content_6_1732398124528-20241123-telecable-coruna-50_1762944878_8R5DPq.jpg','images/galeria/imagen/mobile/content_6_1732398124528-20241123-telecable-coruna-50_1762944878_8R5DPq_mobile.jpg','Imagen de prueba',2,1,'{"original_name":"1732398124528_20241123_Telecable_Coru\u00f1a (50).jpg","size":720019,"mime_type":"image\/jpeg"}','2025-11-12 10:54:38','2025-11-12 10:56:17');
INSERT INTO gallery_images VALUES(13,6,NULL,NULL,'images/galeria/imagen/content_6_1732398118473-20241123-telecable-coruna-4-copia_1762944901_zep7T9.jpg','images/galeria/imagen/mobile/content_6_1732398118473-20241123-telecable-coruna-4-copia_1762944901_zep7T9_mobile.jpg','Imagen de prueba',1,1,'{"original_name":"1732398118473_20241123_Telecable_Coru\u00f1a (4) - copia.jpg","size":494190,"mime_type":"image\/jpeg"}','2025-11-12 10:55:02','2025-11-12 10:56:17');
INSERT INTO gallery_images VALUES(14,6,NULL,NULL,'images/galeria/imagen/content_6_1732398117624-20241123-telecable-coruna-1-copia_1762944909_VLMGOP.jpg','images/galeria/imagen/mobile/content_6_1732398117624-20241123-telecable-coruna-1-copia_1762944909_VLMGOP_mobile.jpg','Imagen de prueba',3,1,'{"original_name":"1732398117624_20241123_Telecable_Coru\u00f1a (1) - copia.jpg","size":673972,"mime_type":"image\/jpeg"}','2025-11-12 10:55:10','2025-11-12 10:56:17');
INSERT INTO gallery_images VALUES(15,6,NULL,NULL,'images/galeria/imagen/content_6_1732398124924-20241123-telecable-coruna-53_1762951608_Lc00fE.jpg','images/galeria/imagen/mobile/content_6_1732398124924-20241123-telecable-coruna-53_1762951608_Lc00fE_mobile.jpg','Imagen de prueba',4,1,'{"original_name":"1732398124924_20241123_Telecable_Coru\u00f1a (53).jpg","size":818087,"mime_type":"image\/jpeg"}','2025-11-12 12:46:49','2025-11-12 12:46:49');
CREATE TABLE IF NOT EXISTS "galleries" ("id" integer primary key autoincrement not null, "nombre" varchar not null, "descripcion" text, "activa" tinyint(1) not null default '1', "created_at" datetime, "updated_at" datetime);
INSERT INTO galleries VALUES(6,'prueba','probandoa',1,'2025-11-12 10:03:00','2025-11-12 12:45:18');
CREATE TABLE IF NOT EXISTS "contents" ("id" integer primary key autoincrement not null, "lugar" varchar, "fecha" date, "fecha_publicacion" date, "tipo_contenido" varchar check ("tipo_contenido" in ('pagina', 'noticia', 'entrevista', 'galeria')) not null default 'noticia', "imagen" varchar, "imagen_portada" varchar, "pagina_estatica" tinyint(1) not null default ('0'), "columnas" integer not null default ('1'), "fb_pixel" text, "portada" tinyint(1) not null default ('0'), "galeria_id" integer, "actions" varchar, "orden" integer, "created_at" datetime, "updated_at" datetime, "imagen_alt" text, "imagen_portada_alt" text, foreign key("galeria_id") references "galleries"("id") on delete set null);
INSERT INTO contents VALUES(8,'valencia','2025-11-06 00:00:00','2025-11-06 00:00:00','noticia','images/noticia/imagen/content_8_00-general_1762522516_r5y6fj.jpg','images/noticia/imagen_portada/content_8_06-plataforma_1762522516_xz88jp.jpg',0,1,NULL,1,NULL,NULL,5,'2025-11-06 14:37:18','2025-11-07 13:35:16','xzczc','xzczxczx');
INSERT INTO contents VALUES(11,NULL,'2025-11-10 00:00:00','2025-11-10 00:00:00','entrevista',NULL,NULL,0,1,NULL,0,NULL,NULL,1,'2025-11-10 15:02:18','2025-11-10 15:02:18',NULL,NULL);
INSERT INTO contents VALUES(12,NULL,'2025-11-10 00:00:00','2025-11-10 00:00:00','entrevista',NULL,NULL,0,1,NULL,0,NULL,NULL,2,'2025-11-10 15:02:53','2025-11-10 15:02:53',NULL,NULL);
INSERT INTO contents VALUES(13,NULL,'2025-11-10 00:00:00','2025-11-10 00:00:00','pagina',NULL,NULL,1,1,NULL,0,NULL,NULL,1,'2025-11-10 15:03:11','2025-11-10 15:03:11',NULL,NULL);
INSERT INTO contents VALUES(14,'Gijón','2025-11-10 00:00:00','2025-11-10 00:00:00','noticia','images/noticia/imagen/content_14_1732398136195-20241123-telecable-coruna-138_1762941436_u8NyOV.jpg','images/noticia/imagen_portada/content_14_1732398118473-20241123-telecable-coruna-4_1762941437_92Vkuq.jpg',1,1,NULL,1,NULL,'ss',1,'2025-11-10 15:03:22','2025-11-12 09:57:17',NULL,NULL);
INSERT INTO contents VALUES(15,NULL,'2025-11-10 00:00:00','2025-11-10 00:00:00','noticia','images/noticia/imagen/content_15_imagen-cerrada-de-un-hombre-usando-la-aplicacion-tiktok-en-un-telefono-inteligente-9-de-diciembre-de-2022-chiangmai-tailandia_1763377381_nMGnXV.jpg','images/noticia/imagen_portada/content_15_20080318-09-sisebuto-y-fallera-valencia_1763377381_dx8TZ0.jpg',0,1,NULL,0,NULL,NULL,2,'2025-11-10 15:03:22','2025-11-17 11:03:01',NULL,NULL);
INSERT INTO contents VALUES(16,'Gijón','2025-11-13 00:00:00','2025-11-13 00:00:00','pagina','images/pagina/imagen/content_16_1526473383-1900x842_1763052087_K7gDwz.jpg','images/pagina/imagen_portada/content_16_1517167671-1900x842_1763052087_slpqLZ.jpg',1,1,NULL,1,NULL,'inicio',1,'2025-11-13 16:41:27','2025-11-13 16:48:46',NULL,NULL);
CREATE TABLE IF NOT EXISTS "idiomas" ("id" integer primary key autoincrement not null, "nombre" varchar not null, "etiqueta" varchar not null, "imagen" varchar, "activo" tinyint(1) not null default '1', "es_principal" tinyint(1) not null default '0', "orden" integer not null default '0', "created_at" datetime, "updated_at" datetime);
INSERT INTO idiomas VALUES(3,'Español','es',NULL,1,1,1,'2025-11-10 08:57:55','2025-11-18 14:44:27');
INSERT INTO idiomas VALUES(4,'Asturiano','ast',NULL,1,0,2,'2025-11-10 08:57:55','2025-11-18 14:44:35');
INSERT INTO idiomas VALUES(5,'English','en',NULL,0,0,3,'2025-11-10 08:57:55','2025-11-12 11:08:13');
INSERT INTO idiomas VALUES(7,'Francés','fr',NULL,1,0,0,'2025-11-17 09:59:24','2025-11-17 11:07:34');
CREATE TABLE IF NOT EXISTS "gallery_image_texts" ("id" integer primary key autoincrement not null, "gallery_image_id" integer not null, "idioma_id" integer not null, "titulo" varchar, "descripcion" text, "alt_text" varchar, "created_at" datetime, "updated_at" datetime, foreign key("gallery_image_id") references "gallery_images"("id") on delete cascade, foreign key("idioma_id") references "idiomas"("id") on delete cascade);
INSERT INTO gallery_image_texts VALUES(4,12,3,'xcv','vxc','vx','2025-11-12 10:55:34','2025-11-12 10:55:34');
INSERT INTO gallery_image_texts VALUES(5,12,4,'xvc','xv','xvx','2025-11-12 10:55:34','2025-11-12 10:55:34');
INSERT INTO gallery_image_texts VALUES(6,12,5,'xcv','xv','xv','2025-11-12 10:55:34','2025-11-12 10:55:34');
INSERT INTO gallery_image_texts VALUES(7,13,3,'titulo',NULL,NULL,'2025-11-12 11:03:39','2025-11-12 11:03:39');
INSERT INTO gallery_image_texts VALUES(8,13,7,'primer slides','primer slides','primer slides','2025-11-17 11:08:57','2025-11-17 11:08:57');
INSERT INTO gallery_image_texts VALUES(9,12,7,'primer slides','primer slides','primer slides','2025-11-17 11:09:05','2025-11-17 11:09:05');
INSERT INTO gallery_image_texts VALUES(10,14,7,'primer slides','primer slides','primer slides','2025-11-17 11:09:12','2025-11-17 11:09:12');
INSERT INTO gallery_image_texts VALUES(11,15,7,'primer slides','primer slides','primer slides','2025-11-17 11:09:18','2025-11-17 11:09:18');
CREATE TABLE IF NOT EXISTS "menus" ("id" integer primary key autoincrement not null, "parent_id" integer, "content_id" integer, "url" text, "icon" varchar, "menu_pie" tinyint(1) not null default ('0'), "created_at" datetime, "updated_at" datetime, "tipo_enlace" varchar not null default ('contenido'), "tipo_contenido_id" integer, "visible" tinyint(1) not null default ('1'), "abrir_nueva_ventana" tinyint(1) not null default ('0'), "orden" integer not null default ('1'), "url_externa" varchar, foreign key("content_id") references contents("id") on delete set null on update no action, foreign key("parent_id") references menus("id") on delete cascade on update no action, foreign key("tipo_contenido_id") references "tipo_contenidos"("id") on delete set null);
INSERT INTO menus VALUES(15,NULL,14,NULL,'fas fa-link',1,'2025-11-12 11:10:41','2025-11-18 14:59:06','contenido',3,1,0,1,NULL);
INSERT INTO menus VALUES(19,15,14,NULL,'fas fa-link',1,'2025-11-12 12:27:35','2025-11-18 14:59:06','contenido',3,1,0,1,NULL);
INSERT INTO menus VALUES(20,NULL,11,NULL,NULL,0,'2025-11-18 14:59:05','2025-11-18 14:59:06','contenido',9,1,0,2,NULL);
CREATE TABLE IF NOT EXISTS "slide_translations" ("id" integer primary key autoincrement not null, "slide_id" integer not null, "idioma_id" integer not null, "titulo" varchar not null, "descripcion" text, "alt_text" varchar, "url" varchar, "created_at" datetime, "updated_at" datetime, foreign key("slide_id") references "slides"("id") on delete cascade, foreign key("idioma_id") references "idiomas"("id") on delete cascade);
INSERT INTO slide_translations VALUES(15,6,3,'primer slides','primer slide','primer slide','https://mglab.es','2025-11-11 12:24:02','2025-11-11 12:33:35');
INSERT INTO slide_translations VALUES(16,6,4,'primer slide','primer slide','primer slide',NULL,'2025-11-11 12:24:02','2025-11-11 12:24:02');
INSERT INTO slide_translations VALUES(17,6,5,'primer slide','primer slide','primer slide',NULL,'2025-11-11 12:24:02','2025-11-11 12:24:02');
INSERT INTO slide_translations VALUES(23,9,3,'segundo slide','segundo slide','segundo slide','https://mglab.es','2025-11-13 16:34:47','2025-11-13 16:34:47');
INSERT INTO slide_translations VALUES(24,9,4,'segundu slide','segundu slide','',NULL,'2025-11-13 16:34:47','2025-11-13 16:34:47');
INSERT INTO slide_translations VALUES(25,6,7,'primer slides','primer slides','primer slides',NULL,'2025-11-17 11:08:09','2025-11-17 11:08:09');
INSERT INTO slide_translations VALUES(26,9,7,'primer slides seg','primer slides seg','primer slides seg',NULL,'2025-11-17 11:08:28','2025-11-17 11:08:28');
CREATE TABLE IF NOT EXISTS "slides" ("id" integer primary key autoincrement not null, "created_at" datetime, "updated_at" datetime, "nueva_ventana" tinyint(1) not null default ('0'), "imagen" varchar, "imagen_miniatura" varchar, "metadatos" text, "visible" tinyint(1) not null default ('1'), "orden" integer, "activo" tinyint(1) not null default ('1'));
INSERT INTO slides VALUES(6,'2025-11-11 12:24:01','2025-11-13 16:33:40',0,'images/slide/imagen/content_6_1732398117624-20241123-telecable-coruna-1-copia_1763051620_iskC3H.jpg','images/slide/imagen_miniatura/content_6_1732398117624-20241123-telecable-coruna-1-copia_1763051620_uftkoq.jpg','{"original_name":"1732398117624_20241123_Telecable_Coru\u00f1a (1) - copia.jpg","file_size":673972,"mime_type":"image\/jpeg","processed_at":"2025-11-13T16:33:40.461862Z","ancho":2048,"alto":1365}',1,1,1);
INSERT INTO slides VALUES(9,'2025-11-13 16:34:47','2025-11-13 16:34:47',0,'images/slide/imagen/content_9_1732398124528-20241123-telecable-coruna-50_1763051687_9Q5MQD.jpg','images/slide/imagen_miniatura/content_9_1732398124528-20241123-telecable-coruna-50_1763051687_tSuteP.jpg','{"original_name":"1732398124528_20241123_Telecable_Coru\u00f1a (50).jpg","file_size":720019,"mime_type":"image\/jpeg","processed_at":"2025-11-13T16:34:47.371220Z","ancho":2048,"alto":1365}',1,2,1);
CREATE TABLE IF NOT EXISTS "roles" ("id" integer primary key autoincrement not null, "nombre" varchar not null, "slug" varchar not null, "descripcion" text, "activo" tinyint(1) not null default '1', "created_at" datetime, "updated_at" datetime);
INSERT INTO roles VALUES(1,'Administrador','administrador','Usuario con acceso completo al sistema',1,'2025-11-11 14:38:39','2025-11-11 14:38:39');
INSERT INTO roles VALUES(2,'Usuario','usuario','Usuario con permisos limitados',1,'2025-11-11 14:38:39','2025-11-11 14:38:39');
INSERT INTO roles VALUES(3,'Editor','editor','Usuario que puede gestionar contenido',1,'2025-11-11 14:38:39','2025-11-11 14:38:39');
CREATE TABLE IF NOT EXISTS "permissions" ("id" integer primary key autoincrement not null, "nombre" varchar not null, "slug" varchar not null, "modulo" varchar not null, "tipo_permiso" varchar check ("tipo_permiso" in ('crear', 'mostrar', 'editar', 'eliminar')) not null, "descripcion" text, "activo" tinyint(1) not null default '1', "created_at" datetime, "updated_at" datetime);
INSERT INTO permissions VALUES(1,'Crear Usuarios','crear-usuarios','usuarios','crear','Permiso para crear Usuarios',1,'2025-11-11 14:38:39','2025-11-11 14:38:39');
INSERT INTO permissions VALUES(2,'Mostrar Usuarios','mostrar-usuarios','usuarios','mostrar','Permiso para mostrar Usuarios',1,'2025-11-11 14:38:40','2025-11-11 14:38:40');
INSERT INTO permissions VALUES(3,'Editar Usuarios','editar-usuarios','usuarios','editar','Permiso para editar Usuarios',1,'2025-11-11 14:38:40','2025-11-11 14:38:40');
INSERT INTO permissions VALUES(4,'Eliminar Usuarios','eliminar-usuarios','usuarios','eliminar','Permiso para eliminar Usuarios',1,'2025-11-11 14:38:40','2025-11-11 14:38:40');
INSERT INTO permissions VALUES(5,'Crear Roles','crear-roles','roles','crear','Permiso para crear Roles',1,'2025-11-11 14:38:40','2025-11-11 14:38:40');
INSERT INTO permissions VALUES(6,'Mostrar Roles','mostrar-roles','roles','mostrar','Permiso para mostrar Roles',1,'2025-11-11 14:38:40','2025-11-11 14:38:40');
INSERT INTO permissions VALUES(7,'Editar Roles','editar-roles','roles','editar','Permiso para editar Roles',1,'2025-11-11 14:38:40','2025-11-11 14:38:40');
INSERT INTO permissions VALUES(8,'Eliminar Roles','eliminar-roles','roles','eliminar','Permiso para eliminar Roles',1,'2025-11-11 14:38:40','2025-11-11 14:38:40');
INSERT INTO permissions VALUES(9,'Crear Permisos','crear-permisos','permisos','crear','Permiso para crear Permisos',1,'2025-11-11 14:38:40','2025-11-11 14:38:40');
INSERT INTO permissions VALUES(10,'Mostrar Permisos','mostrar-permisos','permisos','mostrar','Permiso para mostrar Permisos',1,'2025-11-11 14:38:40','2025-11-11 14:38:40');
INSERT INTO permissions VALUES(11,'Editar Permisos','editar-permisos','permisos','editar','Permiso para editar Permisos',1,'2025-11-11 14:38:40','2025-11-11 14:38:40');
INSERT INTO permissions VALUES(12,'Eliminar Permisos','eliminar-permisos','permisos','eliminar','Permiso para eliminar Permisos',1,'2025-11-11 14:38:40','2025-11-11 14:38:40');
INSERT INTO permissions VALUES(13,'Crear Idiomas','crear-idiomas','idiomas','crear','Permiso para crear Idiomas',1,'2025-11-11 14:38:40','2025-11-11 14:38:40');
INSERT INTO permissions VALUES(14,'Mostrar Idiomas','mostrar-idiomas','idiomas','mostrar','Permiso para mostrar Idiomas',1,'2025-11-11 14:38:40','2025-11-11 14:38:40');
INSERT INTO permissions VALUES(15,'Editar Idiomas','editar-idiomas','idiomas','editar','Permiso para editar Idiomas',1,'2025-11-11 14:38:40','2025-11-11 14:38:40');
INSERT INTO permissions VALUES(16,'Eliminar Idiomas','eliminar-idiomas','idiomas','eliminar','Permiso para eliminar Idiomas',1,'2025-11-11 14:38:40','2025-11-11 14:38:40');
INSERT INTO permissions VALUES(17,'Crear Menús','crear-menus','menus','crear','Permiso para crear Menús',1,'2025-11-11 14:38:40','2025-11-11 14:38:40');
INSERT INTO permissions VALUES(18,'Mostrar Menús','mostrar-menus','menus','mostrar','Permiso para mostrar Menús',1,'2025-11-11 14:38:40','2025-11-11 14:38:40');
INSERT INTO permissions VALUES(19,'Editar Menús','editar-menus','menus','editar','Permiso para editar Menús',1,'2025-11-11 14:38:40','2025-11-11 14:38:40');
INSERT INTO permissions VALUES(20,'Eliminar Menús','eliminar-menus','menus','eliminar','Permiso para eliminar Menús',1,'2025-11-11 14:38:40','2025-11-11 14:38:40');
INSERT INTO permissions VALUES(21,'Crear Slides','crear-slides','slides','crear','Permiso para crear Slides',1,'2025-11-11 14:38:40','2025-11-11 14:38:40');
INSERT INTO permissions VALUES(22,'Mostrar Slides','mostrar-slides','slides','mostrar','Permiso para mostrar Slides',1,'2025-11-11 14:38:40','2025-11-11 14:38:40');
INSERT INTO permissions VALUES(23,'Editar Slides','editar-slides','slides','editar','Permiso para editar Slides',1,'2025-11-11 14:38:40','2025-11-11 14:38:40');
INSERT INTO permissions VALUES(24,'Eliminar Slides','eliminar-slides','slides','eliminar','Permiso para eliminar Slides',1,'2025-11-11 14:38:40','2025-11-11 14:38:40');
INSERT INTO permissions VALUES(25,'Crear Contenidos','crear-contenidos','contenidos','crear','Permiso para crear Contenidos',1,'2025-11-11 14:38:40','2025-11-11 14:38:40');
INSERT INTO permissions VALUES(26,'Mostrar Contenidos','mostrar-contenidos','contenidos','mostrar','Permiso para mostrar Contenidos',1,'2025-11-11 14:38:40','2025-11-11 14:38:40');
INSERT INTO permissions VALUES(27,'Editar Contenidos','editar-contenidos','contenidos','editar','Permiso para editar Contenidos',1,'2025-11-11 14:38:40','2025-11-11 14:38:40');
INSERT INTO permissions VALUES(28,'Eliminar Contenidos','eliminar-contenidos','contenidos','eliminar','Permiso para eliminar Contenidos',1,'2025-11-11 14:38:40','2025-11-11 14:38:40');
INSERT INTO permissions VALUES(37,'Crear Galerías','crear-galerias','galerias','crear','Permiso para crear Galerías',1,'2025-11-11 14:38:40','2025-11-11 14:38:40');
INSERT INTO permissions VALUES(38,'Mostrar Galerías','mostrar-galerias','galerias','mostrar','Permiso para mostrar Galerías',1,'2025-11-11 14:38:40','2025-11-11 14:38:40');
INSERT INTO permissions VALUES(39,'Editar Galerías','editar-galerias','galerias','editar','Permiso para editar Galerías',1,'2025-11-11 14:38:40','2025-11-11 14:38:40');
INSERT INTO permissions VALUES(40,'Eliminar Galerías','eliminar-galerias','galerias','eliminar','Permiso para eliminar Galerías',1,'2025-11-11 14:38:40','2025-11-11 14:38:40');
INSERT INTO permissions VALUES(49,'Crear Configuración de Imágenes','crear-imagenes','imagenes','crear','Permiso para crear Configuración de Imágenes',1,'2025-11-11 14:38:40','2025-11-12 12:30:01');
INSERT INTO permissions VALUES(50,'Mostrar Configuración de Imágenes','mostrar-imagenes','imagenes','mostrar','Permiso para mostrar Configuración de Imágenes',1,'2025-11-11 14:38:40','2025-11-12 12:30:01');
INSERT INTO permissions VALUES(51,'Editar Configuración de Imágenes','editar-imagenes','imagenes','editar','Permiso para editar Configuración de Imágenes',1,'2025-11-11 14:38:40','2025-11-12 12:30:01');
INSERT INTO permissions VALUES(52,'Eliminar Configuración de Imágenes','eliminar-imagenes','imagenes','eliminar','Permiso para eliminar Configuración de Imágenes',1,'2025-11-11 14:38:40','2025-11-12 12:30:01');
CREATE TABLE IF NOT EXISTS "role_permissions" ("id" integer primary key autoincrement not null, "role_id" integer not null, "permission_id" integer not null, "created_at" datetime, "updated_at" datetime, foreign key("role_id") references "roles"("id") on delete cascade, foreign key("permission_id") references "permissions"("id") on delete cascade);
INSERT INTO role_permissions VALUES(241,1,1,NULL,NULL);
INSERT INTO role_permissions VALUES(242,1,2,NULL,NULL);
INSERT INTO role_permissions VALUES(243,1,3,NULL,NULL);
INSERT INTO role_permissions VALUES(244,1,4,NULL,NULL);
INSERT INTO role_permissions VALUES(245,1,5,NULL,NULL);
INSERT INTO role_permissions VALUES(246,1,6,NULL,NULL);
INSERT INTO role_permissions VALUES(247,1,7,NULL,NULL);
INSERT INTO role_permissions VALUES(248,1,8,NULL,NULL);
INSERT INTO role_permissions VALUES(249,1,9,NULL,NULL);
INSERT INTO role_permissions VALUES(250,1,10,NULL,NULL);
INSERT INTO role_permissions VALUES(251,1,11,NULL,NULL);
INSERT INTO role_permissions VALUES(252,1,12,NULL,NULL);
INSERT INTO role_permissions VALUES(253,1,13,NULL,NULL);
INSERT INTO role_permissions VALUES(254,1,14,NULL,NULL);
INSERT INTO role_permissions VALUES(255,1,15,NULL,NULL);
INSERT INTO role_permissions VALUES(256,1,16,NULL,NULL);
INSERT INTO role_permissions VALUES(257,1,17,NULL,NULL);
INSERT INTO role_permissions VALUES(258,1,18,NULL,NULL);
INSERT INTO role_permissions VALUES(259,1,19,NULL,NULL);
INSERT INTO role_permissions VALUES(260,1,20,NULL,NULL);
INSERT INTO role_permissions VALUES(261,1,21,NULL,NULL);
INSERT INTO role_permissions VALUES(262,1,22,NULL,NULL);
INSERT INTO role_permissions VALUES(263,1,23,NULL,NULL);
INSERT INTO role_permissions VALUES(264,1,24,NULL,NULL);
INSERT INTO role_permissions VALUES(265,1,25,NULL,NULL);
INSERT INTO role_permissions VALUES(266,1,26,NULL,NULL);
INSERT INTO role_permissions VALUES(267,1,27,NULL,NULL);
INSERT INTO role_permissions VALUES(268,1,28,NULL,NULL);
INSERT INTO role_permissions VALUES(269,1,37,NULL,NULL);
INSERT INTO role_permissions VALUES(270,1,38,NULL,NULL);
INSERT INTO role_permissions VALUES(271,1,39,NULL,NULL);
INSERT INTO role_permissions VALUES(272,1,40,NULL,NULL);
INSERT INTO role_permissions VALUES(273,1,49,NULL,NULL);
INSERT INTO role_permissions VALUES(274,1,50,NULL,NULL);
INSERT INTO role_permissions VALUES(275,1,51,NULL,NULL);
INSERT INTO role_permissions VALUES(276,1,52,NULL,NULL);
INSERT INTO role_permissions VALUES(277,3,25,NULL,NULL);
INSERT INTO role_permissions VALUES(278,3,27,NULL,NULL);
INSERT INTO role_permissions VALUES(279,3,28,NULL,NULL);
INSERT INTO role_permissions VALUES(280,3,26,NULL,NULL);
INSERT INTO role_permissions VALUES(281,3,37,NULL,NULL);
INSERT INTO role_permissions VALUES(282,3,39,NULL,NULL);
INSERT INTO role_permissions VALUES(283,3,40,NULL,NULL);
INSERT INTO role_permissions VALUES(284,3,38,NULL,NULL);
INSERT INTO role_permissions VALUES(285,3,21,NULL,NULL);
INSERT INTO role_permissions VALUES(286,3,23,NULL,NULL);
INSERT INTO role_permissions VALUES(287,3,24,NULL,NULL);
INSERT INTO role_permissions VALUES(288,3,22,NULL,NULL);
INSERT INTO role_permissions VALUES(290,3,18,NULL,NULL);
INSERT INTO role_permissions VALUES(291,2,26,NULL,NULL);
INSERT INTO role_permissions VALUES(292,2,38,NULL,NULL);
INSERT INTO role_permissions VALUES(297,3,14,NULL,NULL);
INSERT INTO role_permissions VALUES(298,2,25,NULL,NULL);
INSERT INTO role_permissions VALUES(299,2,27,NULL,NULL);
INSERT INTO role_permissions VALUES(300,2,37,NULL,NULL);
INSERT INTO role_permissions VALUES(301,2,39,NULL,NULL);
INSERT INTO role_permissions VALUES(302,2,14,NULL,NULL);
INSERT INTO role_permissions VALUES(303,2,18,NULL,NULL);
INSERT INTO role_permissions VALUES(304,2,22,NULL,NULL);
CREATE TABLE IF NOT EXISTS "users" ("id" integer primary key autoincrement not null, "name" varchar not null, "email" varchar not null, "email_verified_at" datetime, "password" varchar not null, "remember_token" varchar, "created_at" datetime, "updated_at" datetime, "role_id" integer, foreign key("role_id") references "roles"("id") on delete set null);
INSERT INTO users VALUES(2,'Admin Test','admin@admin.com',NULL,'$2y$12$G//7JTzzBOF3QPkumwN6FODYVltSmi9MPSvOanhMAl.xoUYchkp7O',NULL,'2025-11-07 08:50:36','2025-11-11 14:40:02',1);
INSERT INTO users VALUES(3,'Editor','editor@nuntristeatro.com','2025-11-12 12:30:02','$2y$12$dphxtxVbulbZY1FS/CMUMuulrU1XNfCipuyB1TFntbcmB/uY5zTGS',NULL,'2025-11-11 14:40:02','2025-11-12 12:32:49',3);
INSERT INTO users VALUES(5,'Administrador','admin@nuntristeatro.com','2025-11-12 12:30:02','$2y$12$8UdtnKWj/tP.w1hh48HzMuZ29wi6Z1d9QTF3Yn/Oxcg/sedPQibr2',NULL,'2025-11-12 12:30:02','2025-11-12 12:30:02',1);
INSERT INTO users VALUES(6,'Usuario Normal','usuario@nuntristeatro.com','2025-11-12 12:30:02','$2y$12$3KcJjh/0nLLfaQwRS2dQWu1xYSY/T.pUkwmojWLTYJQBPONlVE9zC',NULL,'2025-11-12 12:30:02','2025-11-12 12:44:28',2);
CREATE TABLE IF NOT EXISTS "configuracion_empresa" ("id" integer primary key autoincrement not null, "nombre" varchar, "direccion" varchar, "telefono" varchar, "email" varchar, "redes_sociales" text, "created_at" datetime, "updated_at" datetime, "metatitulo" varchar, "metadescripcion" text, "metatitulo_es" varchar, "metadescripcion_es" text, "metatitulo_ast" varchar, "metadescripcion_ast" text, "metatitulo_en" varchar, "metadescripcion_en" text);
INSERT INTO configuracion_empresa VALUES(1,'Producciones Nun Tris','Calle Julio 24, 33208, Gijón','984050409','info@nuntristeatro.com','[{"url":"https:\/\/www.facebook.com\/nuntris.teatro","alt":"facebook","icono":"redes\/pH3OVbzWLmxitL8MlE6GwBhIPox0aNsGbg0GHr2z.png"},{"url":"https:\/\/www.instagram.com\/nuntristeatro","alt":"instagram","icono":"redes\/I8pCpjav25SCWiUuA9mmJA3HbdUiqZ4h5uI5XuGG.png"},{"url":"https:\/\/www.youtube.com\/user\/nuntris?themeRefresh=1","alt":"youtube","icono":"redes\/bGDxAZaKNcB5623C60HuW8wc4aOgzicEH2p4t6ps.png"},{"url":null,"alt":null,"icono":null},{"url":null,"alt":null,"icono":null},{"url":null,"alt":null,"icono":null}]','2025-11-14 13:00:15','2025-11-17 11:11:10','Página web de prodcucciones nun tris','Bienevenidos a la web de nuntristeatro. Desde 1997 Más de 50 espectáculos estrenados.','Bienvenidos a la web de Producciones Nun Tris','Compañia profesional desde 1997con más de 50 espectáculos estrenados.','Bienvenidos a la web de Producciones Nun Tris ast','Bienvenidos a la web de Producciones Nun Tris ast','Bienvenidos a la web de Producciones Nun Tris eng','Bienvenidos a la web de Producciones Nun Tris eng');
CREATE TABLE textos_idiomas (
                id INTEGER PRIMARY KEY AUTOINCREMENT,
                idioma_id INTEGER NOT NULL,
                contenido_id INTEGER,
                tipo_contenido_id INTEGER NULL,
                titulo VARCHAR(255) NULL,
                subtitulo VARCHAR(255) NULL,
                resumen VARCHAR(255) NULL,
                contenido TEXT NULL,
                metadescripcion TEXT NULL,
                metatitulo TEXT NULL,
                slug VARCHAR(191) NULL,
                visible BOOLEAN DEFAULT 1,
                imagen_alt TEXT NULL,
                imagen_portada_alt TEXT NULL,
                objeto_type VARCHAR(255) NULL,
                objeto_id INTEGER NULL,
                campo VARCHAR(255) NULL,
                texto TEXT NULL,
                activo BOOLEAN DEFAULT 1,
                created_at DATETIME NULL,
                updated_at DATETIME NULL
            );
INSERT INTO textos_idiomas VALUES(13,3,8,1,'titulo español','titulo español','<p>titulo espa&ntilde;ol</p>','<p>titulo espa&ntilde;ol</p>','titulo español','titulo español','titulo-espanol',1,'titulo español','titulo español',NULL,NULL,NULL,NULL,1,'2025-11-10 09:23:50','2025-11-10 09:23:50');
INSERT INTO textos_idiomas VALUES(14,4,8,1,'titulo asturiano','titulo asturiano','<p>titulo asturiano</p>','<p>titulo asturiano</p>','titulo asturiano','titulo asturiano','titulo-asturiano',1,'titulo asturiano','titulo asturiano',NULL,NULL,NULL,NULL,1,'2025-11-10 09:36:15','2025-11-10 09:36:15');
INSERT INTO textos_idiomas VALUES(15,5,8,1,'titulo inglés','titulo inglés','<p>titulo ingl&eacute;s</p>','<p>titulo ingl&eacute;s</p>','titulo inglés','titulo inglés','titulo-ingles',1,'titulo inglés','titulo inglés',NULL,NULL,NULL,NULL,1,'2025-11-10 09:40:54','2025-11-10 09:40:54');
INSERT INTO textos_idiomas VALUES(25,3,11,9,'Entrevista con el Director Artístico',NULL,'Una conversación sobre el futuro del teatro asturiano.','<p>Contenido completo de la entrevista...</p>',NULL,NULL,'entrevista-director-artistico',1,NULL,NULL,NULL,NULL,NULL,NULL,1,'2025-11-10 15:02:53','2025-11-10 15:02:53');
INSERT INTO textos_idiomas VALUES(26,3,12,9,'Conversación con el Elenco Principal',NULL,'Los actores hablan sobre su experiencia en la nueva obra.','<p>Entrevista grupal con el elenco...</p>',NULL,NULL,'entrevista-elenco-principal',1,NULL,NULL,NULL,NULL,NULL,NULL,1,'2025-11-10 15:02:53','2025-11-10 15:02:53');
INSERT INTO textos_idiomas VALUES(27,3,13,1,'Sobre Nuntrís Teatro',NULL,'Conoce la historia y misión de nuestra compañía teatral.','<p>Historia completa de la compañía...</p>','Sobre Nuntrís Teatro','Sobre Nuntrís Teatro','sobre-nuntris-teatro',1,NULL,NULL,NULL,NULL,NULL,NULL,1,'2025-11-10 15:03:11','2025-11-18 15:10:41');
INSERT INTO textos_idiomas VALUES(28,3,14,3,'Noticia de Teatro 1','subtitulo','<p>&Uacute;ltimas novedades sobre nuestra temporada teatral.</p>','<p>Contenido completo de la noticia 1...</p>','meta descripción','meta titulo','noticia-teatro-1',1,'Descripción Imagen Principal (ALT)','Descripción Imagen Portada (ALT)',NULL,NULL,NULL,NULL,1,'2025-11-10 15:03:22','2025-11-12 09:54:27');
INSERT INTO textos_idiomas VALUES(29,3,15,3,'Noticia de Teatro 2',NULL,'Últimas novedades sobre nuestra temporada teatral.','<p>Contenido completo de la noticia 2...</p>',NULL,NULL,'noticia-teatro-2',1,NULL,NULL,NULL,NULL,NULL,NULL,1,'2025-11-10 15:03:22','2025-11-10 15:03:22');
INSERT INTO textos_idiomas VALUES(48,4,14,1,'titulo ast','subtitulo ast','<p>resumen ast</p>','<p>contenidos ast</p>','meta descripcion ast','meta titulo ast','titulo-ast',1,'Descripción Imagen Principal (ALT) ast','Descripción Imagen Portada (ALT) ast',NULL,NULL,NULL,NULL,1,'2025-11-12 09:55:44','2025-11-12 09:55:44');
INSERT INTO textos_idiomas VALUES(49,5,14,1,'titulo eng','subtitulo eng','<p>resumen eng</p>','<p>contenido eng</p>','meta descripcion eng','meta titulo eng','titulo-eng',1,'Descripción Imagen Principal (ALT) eng','Descripción Imagen Portada (ALT) eng',NULL,NULL,NULL,NULL,1,'2025-11-12 09:57:17','2025-11-12 09:57:17');
INSERT INTO textos_idiomas VALUES(50,3,NULL,1,'noticias',NULL,NULL,NULL,NULL,NULL,'noticias-menu-15',1,NULL,NULL,'App\Models\Menu',15,NULL,NULL,1,'2025-11-12 11:10:41','2025-11-12 11:10:41');
INSERT INTO textos_idiomas VALUES(51,4,NULL,1,'noticies',NULL,NULL,NULL,NULL,NULL,'noticies-menu-15',1,NULL,NULL,'App\Models\Menu',15,NULL,NULL,1,'2025-11-12 11:10:41','2025-11-12 11:10:41');
INSERT INTO textos_idiomas VALUES(58,3,NULL,1,'not1',NULL,NULL,NULL,NULL,NULL,'not1-menu-19',1,NULL,NULL,'App\Models\Menu',19,NULL,NULL,1,'2025-11-12 12:27:35','2025-11-12 12:27:35');
INSERT INTO textos_idiomas VALUES(59,4,NULL,1,'note1',NULL,NULL,NULL,NULL,NULL,'note1-menu-19',1,NULL,NULL,'App\Models\Menu',19,NULL,NULL,1,'2025-11-12 12:27:35','2025-11-12 12:27:35');
INSERT INTO textos_idiomas VALUES(60,3,16,1,'Bienvenidos Y Bienvenidas','Web De Producciones Nun Tris','<p>En activo desde 1992, y como profesional desde 1997. M&aacute;s de<strong> 50 espect&aacute;culos estrenados.</strong></p>',replace(replace('<p>La versatilidad en cuanto a estilos y p&uacute;blicos, y la capacidad de afrontar retos art&iacute;sticos es lo que mejor puede definir nuestro transitar por la escena asturiana.</p>\r\n<p>Por supuesto, aspectos como la formaci&oacute;n cont&iacute;nua o las colaboraciones con profesionales cualificados son fundamentales para conseguir estos resultados al cabo del tiempo. Nuestra intenci&oacute;n es seguir ofreciendo espect&aacute;culos de todas clases, para todo tipo de p&uacute;blico, sin olvidar la b&uacute;squeda de nuevos rumbos para lo que puede llamarse Teatro Asturiano con denominaci&oacute;n de origen la formaci&oacute;n, o la investigaci&oacute;n sobre formas contempor&aacute;neas.</p>\r\n<p>En esta p&aacute;gina se puede encontrar informaci&oacute;n sobre la compa&ntilde;&iacute;a, nuestros trabajos y proyectos, y las novedades en cuanto a la actividad que desarrollamos</p>','\r',char(13)),'\n',char(10)),'we de producciones nuntris, nueva web','Producciones nuntris','presentacion',1,'web de produciones nuntris','web de produciones nuntris',NULL,NULL,NULL,NULL,1,'2025-11-13 16:41:27','2025-11-18 15:47:28');
INSERT INTO textos_idiomas VALUES(61,7,16,1,'bienveniu renault, citroen','bienveniu renault, citroen','<p>bienveniu renault, citroen</p>','<p>bienveniu renault, citroen</p>','bienveniu renault, citroen','bienveniu renault, citroen','bienveniu-renault-citroen',1,NULL,NULL,NULL,NULL,NULL,NULL,1,'2025-11-17 10:00:22','2025-11-18 15:47:28');
INSERT INTO textos_idiomas VALUES(62,7,14,1,'renault pirelli','renault pirelli','renault pirelli','renault pirelli','renault pirelli','renault pirelli','renault-pirelli',1,'renault pirelli','renault pirelli',NULL,NULL,NULL,NULL,1,'2025-11-17 11:02:17','2025-11-17 11:02:17');
INSERT INTO textos_idiomas VALUES(63,7,15,1,'renault pirelli','renault pirelli','renault pirelli','renault pirelli','renault pirelli','renault pirelli','renault-pirelli-1',1,'renault pirelli','renault pirelli',NULL,NULL,NULL,NULL,1,'2025-11-17 11:02:37','2025-11-17 11:02:37');
INSERT INTO textos_idiomas VALUES(64,7,13,1,'renault pirelli','renault pirelli','renault pirelli','renault pirelli','renault pirelli','renault pirelli','renault-pirelli-2',1,'renault pirelli','renault pirelli',NULL,NULL,NULL,NULL,1,'2025-11-17 11:03:24','2025-11-17 11:03:24');
INSERT INTO textos_idiomas VALUES(65,7,12,1,'renault pirelli','renault pirelli','renault pirelli','renault pirelli','renault pirelli','renault pirelli','renault-pirelli-3',1,'renault pirelli','renault pirelli',NULL,NULL,NULL,NULL,1,'2025-11-17 11:03:43','2025-11-17 11:03:43');
INSERT INTO textos_idiomas VALUES(66,7,14,3,'reanult citroen',NULL,NULL,NULL,NULL,NULL,'reanult-citroen-menu-15',1,NULL,NULL,'App\Models\Menu',15,NULL,NULL,1,'2025-11-17 11:07:06','2025-11-17 11:07:06');
INSERT INTO textos_idiomas VALUES(71,4,16,1,'bienvenides y bienvenios','bienvenides-y-bienvenios','<p>bienvenides-y-bienvenios</p>','<p>bienvenides-y-bienvenios</p>','bienvenides-y-bienvenios','bienvenides-y-bienvenios','bienvenides-y-bienvenios',1,'bienvenides-y-bienvenios','bienvenides-y-bienvenios',NULL,NULL,NULL,NULL,1,'2025-11-18 14:45:13','2025-11-18 15:47:28');
INSERT INTO textos_idiomas VALUES(72,3,NULL,NULL,NULL,NULL,NULL,NULL,'Compañia profesional desde 1997con más de 50 espectáculos estrenados.','Bienvenidos a la web de Producciones Nun Tris',NULL,1,NULL,NULL,'App\Models\ConfiguracionEmpresa',1,NULL,NULL,1,'2025-11-18 14:54:35','2025-11-18 14:54:35');
INSERT INTO textos_idiomas VALUES(73,4,NULL,NULL,NULL,NULL,NULL,NULL,'Bienvenidos a la web de Producciones Nun Tris ast','Bienvenidos a la web de Producciones Nun Tris ast',NULL,1,NULL,NULL,'App\Models\ConfiguracionEmpresa',1,NULL,NULL,1,'2025-11-18 14:54:35','2025-11-18 14:54:35');
INSERT INTO textos_idiomas VALUES(74,5,NULL,NULL,NULL,NULL,NULL,NULL,'Bienvenidos a la web de Producciones Nun Tris eng','Bienvenidos a la web de Producciones Nun Tris eng',NULL,1,NULL,NULL,'App\Models\ConfiguracionEmpresa',1,NULL,NULL,1,'2025-11-18 14:54:35','2025-11-18 14:54:35');
INSERT INTO textos_idiomas VALUES(75,7,NULL,NULL,NULL,NULL,NULL,NULL,'Bienvenidos a la web de Producciones Nun Tris fr','Bienvenidos a la web de Producciones Nun Tris fr',NULL,1,NULL,NULL,'App\Models\ConfiguracionEmpresa',1,NULL,NULL,1,'2025-11-18 14:56:17','2025-11-18 14:56:17');
INSERT INTO textos_idiomas VALUES(76,7,14,3,'note1 fr',NULL,NULL,NULL,NULL,NULL,'note1-fr-menu-19',1,NULL,NULL,'App\Models\Menu',19,NULL,NULL,1,'2025-11-18 14:58:04','2025-11-18 14:58:04');
INSERT INTO textos_idiomas VALUES(77,3,NULL,1,'entrevista es',NULL,NULL,NULL,NULL,NULL,'entrevista-es-menu-20',1,NULL,NULL,'App\Models\Menu',20,NULL,NULL,1,'2025-11-18 14:59:05','2025-11-18 14:59:05');
INSERT INTO textos_idiomas VALUES(78,4,NULL,1,'entrevista as',NULL,NULL,NULL,NULL,NULL,'entrevista-as-menu-20',1,NULL,NULL,'App\Models\Menu',20,NULL,NULL,1,'2025-11-18 14:59:05','2025-11-18 14:59:05');
INSERT INTO textos_idiomas VALUES(79,7,NULL,1,'entrevista fr',NULL,NULL,NULL,NULL,NULL,'entrevista-fr-menu-20',1,NULL,NULL,'App\Models\Menu',20,NULL,NULL,1,'2025-11-18 14:59:05','2025-11-18 14:59:05');
INSERT INTO textos_idiomas VALUES(80,7,8,1,'titulo frances','titulo frances','titulo frances','titulo frances','titulo frances','titulo frances','titulo-frances',1,'titulo frances','titulo frances',NULL,NULL,NULL,NULL,1,'2025-11-18 15:00:53','2025-11-18 15:00:53');
INSERT INTO textos_idiomas VALUES(81,4,15,1,'titulo asturiano','titulo asturiano','titulo asturiano','titulo asturiano','titulo asturiano','titulo asturiano','titulo-asturiano-1',1,'titulo asturiano','titulo asturiano',NULL,NULL,NULL,NULL,1,'2025-11-18 15:01:40','2025-11-18 15:01:40');
INSERT INTO textos_idiomas VALUES(82,4,13,1,'titulo asturiano ast','titulo asturiano ast','titulo asturiano','titulo asturiano','titulo asturiano','titulo asturiano','titulo-asturiano-ast',1,'titulo asturiano','titulo asturiano',NULL,NULL,NULL,NULL,1,'2025-11-18 15:02:18','2025-11-18 15:02:18');
INSERT INTO textos_idiomas VALUES(83,4,12,1,'Conversación con el Elenco Principal ast','Conversación con el Elenco Principal ast','Conversación con el Elenco Principal ast','Conversación con el Elenco Principal ast','Conversación con el Elenco Principal ast','Conversación con el Elenco Principal ast','conversacion-con-el-elenco-principal-ast',1,NULL,NULL,NULL,NULL,NULL,NULL,1,'2025-11-18 15:02:42','2025-11-18 15:02:42');
INSERT INTO textos_idiomas VALUES(84,4,11,1,'Entrevista con el Director Artístico ast','Entrevista con el Director Artístico ast','Entrevista con el Director Artístico ast','Entrevista con el Director Artístico ast','Entrevista con el Director Artístico ast','Entrevista con el Director Artístico ast','entrevista-con-el-director-artistico-ast',1,NULL,NULL,NULL,NULL,NULL,NULL,1,'2025-11-18 15:03:27','2025-11-18 15:03:27');
INSERT INTO textos_idiomas VALUES(85,7,11,1,'Entrevista con el Director Artístico fr','Entrevista con el Director Artístico fr','Entrevista con el Director Artístico fr','Entrevista con el Director Artístico fr','Entrevista con el Director Artístico fr','Entrevista con el Director Artístico fr','entrevista-con-el-director-artistico-fr',1,'Entrevista con el Director Artístico fr','Entrevista con el Director Artístico fr',NULL,NULL,NULL,NULL,1,'2025-11-18 15:03:27','2025-11-18 15:03:27');
DELETE FROM sqlite_sequence;
INSERT INTO sqlite_sequence VALUES('migrations',45);
INSERT INTO sqlite_sequence VALUES('tipo_contenidos',15);
INSERT INTO sqlite_sequence VALUES('configuracion',1);
INSERT INTO sqlite_sequence VALUES('galerias',1);
INSERT INTO sqlite_sequence VALUES('galleries',6);
INSERT INTO sqlite_sequence VALUES('gallery_images',15);
INSERT INTO sqlite_sequence VALUES('contents',16);
INSERT INTO sqlite_sequence VALUES('idiomas',7);
INSERT INTO sqlite_sequence VALUES('gallery_image_texts',11);
INSERT INTO sqlite_sequence VALUES('menus',20);
INSERT INTO sqlite_sequence VALUES('image_configs',10);
INSERT INTO sqlite_sequence VALUES('slide_translations',26);
INSERT INTO sqlite_sequence VALUES('slides',9);
INSERT INTO sqlite_sequence VALUES('users',6);
INSERT INTO sqlite_sequence VALUES('roles',3);
INSERT INTO sqlite_sequence VALUES('permissions',52);
INSERT INTO sqlite_sequence VALUES('role_permissions',304);
INSERT INTO sqlite_sequence VALUES('configuracion_empresa',1);
INSERT INTO sqlite_sequence VALUES('textos_idiomas',85);
CREATE INDEX "sessions_user_id_index" on "sessions" ("user_id");
CREATE INDEX "sessions_last_activity_index" on "sessions" ("last_activity");
CREATE INDEX "jobs_queue_index" on "jobs" ("queue");
CREATE UNIQUE INDEX "failed_jobs_uuid_unique" on "failed_jobs" ("uuid");
CREATE UNIQUE INDEX "image_configs_tipo_contenido_tipo_imagen_unique" on "image_configs" ("tipo_contenido", "tipo_imagen");
CREATE INDEX "gallery_images_gallery_id_orden_index" on "gallery_images" ("gallery_id", "orden");
CREATE INDEX "gallery_images_gallery_id_activa_index" on "gallery_images" ("gallery_id", "activa");
CREATE INDEX "idiomas_new_activo_index" on "idiomas" ("activo");
CREATE INDEX "idiomas_new_es_principal_index" on "idiomas" ("es_principal");
CREATE INDEX "idiomas_new_orden_index" on "idiomas" ("orden");
CREATE UNIQUE INDEX "idiomas_new_etiqueta_unique" on "idiomas" ("etiqueta");
CREATE INDEX "gallery_image_texts_gallery_image_id_idioma_id_index" on "gallery_image_texts" ("gallery_image_id", "idioma_id");
CREATE UNIQUE INDEX "unique_gallery_image_idioma" on "gallery_image_texts" ("gallery_image_id", "idioma_id");
CREATE UNIQUE INDEX "slide_translations_slide_id_idioma_id_unique" on "slide_translations" ("slide_id", "idioma_id");
CREATE INDEX "slide_translations_slide_id_idioma_id_index" on "slide_translations" ("slide_id", "idioma_id");
CREATE INDEX "slide_translations_titulo_index" on "slide_translations" ("titulo");
CREATE INDEX "slides_orden_index" on "slides" ("orden");
CREATE INDEX "slides_visible_activo_orden_index" on "slides" ("visible", "activo", "orden");
CREATE UNIQUE INDEX "roles_slug_unique" on "roles" ("slug");
CREATE INDEX "permissions_modulo_tipo_permiso_index" on "permissions" ("modulo", "tipo_permiso");
CREATE UNIQUE INDEX "permissions_unique_module_type" on "permissions" ("modulo", "tipo_permiso", "slug");
CREATE UNIQUE INDEX "permissions_slug_unique" on "permissions" ("slug");
CREATE UNIQUE INDEX "role_permissions_role_id_permission_id_unique" on "role_permissions" ("role_id", "permission_id");
CREATE UNIQUE INDEX "users_email_unique" on "users" ("email");
COMMIT;
